medlemmer,n,medlemmer_short_party,medlemmer_short
Assurandør Klaus Bernhardt Tastesen. (S),11,Bernhardt Tastesen. (S),Bernhardt Tastesen
Cigarsorterer Henning Jensen. (S),11,Henning Jensen. (S),Henning Jensen
Direktør Ole Leif Glensgård. (FP),11,Leif Glensgård. (FP),Leif Glensgård
Journalist Gert Verner Petersen. (SF),11,Verner Petersen. (SF),Verner Petersen
Karen Thurøe Hansen. (KF),11,Thurøe Hansen. (KF),Thurøe Hansen
Overpostbud Normann Andersen. (S),11,Normann Andersen. (S),Normann Andersen
Pelsdyravler Ove Jensen. (FP),11,Ove Jensen. (FP),Ove Jensen
Politiassistent Otto Johannes Mørch. (S),11,Johannes Mørch. (S),Johannes Mørch
Sekretær Søren Bødker Jørgensen. (S),11,Bødker Jørgensen. (S),Bødker Jørgensen
Skoledirektør Christian Christensen. (KrF),11,Christian Christensen. (KrF),Christian Christensen
Bernhard Baunsgaard. (RV),10,Bernhard Baunsgaard. (RV),Bernhard Baunsgaard
Børnehavepædagog Ebba Marie Strange. (SF),10,Marie Strange. (SF),Marie Strange
Entreprenør Helge Dohrmann. (FP),10,Helge Dohrmann. (FP),Helge Dohrmann
Fhv. borgmester Thomas Erik Have. (S),10,Erik Have. (S),Erik Have
Fodermester Kristen Kristensen Poulsgaard. (FP),10,Kristensen Poulsgaard. (FP),Kristensen Poulsgaard
Forfatter Mette Marie Madsen. (V),10,Marie Madsen. (V),Marie Madsen
Kristian Albertsen. (S),10,Kristian Albertsen. (S),Kristian Albertsen
Maskinarbejder Kaj Poulsen. (S),10,Kaj Poulsen. (S),Kaj Poulsen
Overlærer Arne Christian Bjerregaard. (KrF),10,Christian Bjerregaard. (KrF),Christian Bjerregaard
Overlærer Børge Halvgaard. (FP),10,Børge Halvgaard. (FP),Børge Halvgaard
Statsautoriseret ejendomsmægler Kirsten Jacobsen. (FP),10,Kirsten Jacobsen. (FP),Kirsten Jacobsen
Universitetslektor Steen Folke. (VS),10,Steen Folke. (VS),Steen Folke
Advokat Steffen Kjærulff-Schmidt. (FP),9,NA,NA
Fhv. minister Erik Ninn-Hansen. (KF),9,NA,NA
Fhv. minister Henry Grünbaum. (S),9,NA,NA
Gårdejer Johannes Jørgen Dixen Burgdorf. (KF),9,Dixen Burgdorf. (KF),Dixen Burgdorf
Journalist Lasse Johan Albert Bayer Budtz. (S),9,Bayer Budtz. (S),Bayer Budtz
Landsretssagfører Mogens Glistrup. (FP),9,Mogens Glistrup. (FP),Mogens Glistrup
Landsretssagfører Nicolai Hagen Hagensen. (KF),9,Hagen Hagensen. (KF),Hagen Hagensen
Major Erik Andersen. (S),9,Erik Andersen. (S),Erik Andersen
Major Jens Kristian Hansen. (S),9,Kristian Hansen. (S),Kristian Hansen
Overlæge Inge Marie Emilie Krogh. (KrF),9,Emilie Krogh. (KrF),Emilie Krogh
Redaktør Knud Alfred Damgaard. (S),9,Alfred Damgaard. (S),Alfred Damgaard
Redaktør Svend Erik Hovmand. (V),9,Erik Hovmand. (V),Erik Hovmand
Sekretær Svend Holger Arne Andersen. (S),9,Arne Andersen. (S),Arne Andersen
Socialrådgiver Inge Fischer Møller. (S),9,Fischer Møller. (S),Fischer Møller
Cand. mag. Preben Wilhjelm. (VS),8,Preben Wilhjelm. (VS),Preben Wilhjelm
Cand. polit. Robert Lafarque Pedersen. (S),8,Lafarque Pedersen. (S),Lafarque Pedersen
Chauffør Mogens Voigt. (FP),8,Mogens Voigt. (FP),Mogens Voigt
Direktør Arne Melchior. (CD),8,Arne Melchior. (CD),Arne Melchior
Fabrikant Erling Askjær Jørgensen. (FP),8,Askjær Jørgensen. (FP),Askjær Jørgensen
Fabrikant Johan Daniel Lawaetz. (FP),8,Daniel Lawaetz. (FP),Daniel Lawaetz
Fabrikant Ole Bøg Maisted. (FP),8,Bøg Maisted. (FP),Bøg Maisted
"Fhv. borgmester, cand. polit. Erhard Villiam Jakobsen. (CD)",8,Villiam Jakobsen. (CD),Villiam Jakobsen
Frimærkehandler Jørgen Junior. (FP),8,Jørgen Junior. (FP),Jørgen Junior
"Fuldmægtig, cand. jur. Grethe Fenger Møller. (KF)",8,Fenger Møller. (KF),Fenger Møller
Gerda Edith Møller. (KF),8,Edith Møller. (KF),Edith Møller
Gårdejer Henrik Toft. (V),8,Henrik Toft. (V),Henrik Toft
Journalist Birte Weiss. (S),8,Birte Weiss. (S),Birte Weiss
"Professor, dr. jur. Ole Mogens Espersen. (S)",8,Mogens Espersen. (S),Mogens Espersen
Statsminister Anker Henrik Jørgensen. (S),8,Henrik Jørgensen. (S),Henrik Jørgensen
Toldkontrollør Niels Andersen Bollmann. (CD),8,Andersen Bollmann. (CD),Andersen Bollmann
"Adjunkt, cand. scient. pol. Jørgen Brøndlund Nielsen. (V)",7,Brøndlund Nielsen. (V),Brøndlund Nielsen
Afdelingsingeniør Carl Erik Holst. (S),7,Erik Holst. (S),Erik Holst
Arbejdsminister Svend Gunnarsen Auken. (S),7,Gunnarsen Auken. (S),Gunnarsen Auken
Cand. polit. Mogens Niels Juel Camre. (S),7,Juel Camre. (S),Juel Camre
Dyrlæge Henning Kvist Gregersen Grove. (KF),7,Gregersen Grove. (KF),Gregersen Grove
Erhvervschef Jens Jørgen Bolvig. (RV),7,Jørgen Bolvig. (RV),Jørgen Bolvig
Fagforeningsformand Jørgen Jensen. (DKP),7,Jørgen Jensen. (DKP),Jørgen Jensen
Fhv. forstander Svend Haugaard. (RV),7,Svend Haugaard. (RV),Svend Haugaard
Godsejer Oluf von Lowzow. (KF),7,NA,NA
Grete (Karen Margrethe) Hækkerup. (S),7,NA,NA
Gårdejer Anker Tang Sørensen. (FP),7,Tang Sørensen. (FP),Tang Sørensen
Gårdejer Gustav Holmberg. (V),7,Gustav Holmberg. (V),Gustav Holmberg
Gårdejer Kristen Østergaard. (V),7,Kristen Østergaard. (V),Kristen Østergaard
Højskolelærer Jens Bilgrav-Nielsen. (RV),7,NA,NA
Laboratoriemester Svend Severin Taanquist. (S),7,Severin Taanquist. (S),Severin Taanquist
Lilli Helletofte Gyldenkilde. (SF),7,Helletofte Gyldenkilde. (SF),Helletofte Gyldenkilde
Maskinarbejder Freddy Madsen. (DKP),7,Freddy Madsen. (DKP),Freddy Madsen
Maskinarbejder Ib Bjørn Poulsen. (SF),7,Bjørn Poulsen. (SF),Bjørn Poulsen
Offsettrykker Mikael Lennart Waldorff. (VS),7,Lennart Waldorff. (VS),Lennart Waldorff
Overlærer Jens Jørgen Møller. (KrF),7,Jørgen Møller. (KrF),Jørgen Møller
Programsekretær Kaj Valdemar Andersen. (V),7,Valdemar Andersen. (V),Valdemar Andersen
Præst Bent Honoré. (KrF),7,NA,NA
"Redaktør, cand. polit. Uffe Ellemann-Jensen. (V)",7,NA,NA
Sekretær Ib Jørgen Nørlund. (DKP),7,Jørgen Nørlund. (DKP),Jørgen Nørlund
Seminarieadjunkt Bertel Geismar Haarder. (V),7,Geismar Haarder. (V),Geismar Haarder
Socialrådgiver Mette Groes. (S),7,Mette Groes. (S),Mette Groes
Tømrermester Ole Pilgaard Andersen. (FP),7,Pilgaard Andersen. (FP),Pilgaard Andersen
Vicedirektør Karl Kjelgaard. (KF),7,Karl Kjelgaard. (KF),Karl Kjelgaard
Advokat Annelise Gotfredsen. (KF),6,Annelise Gotfredsen. (KF),Annelise Gotfredsen
Bogbinder Kurt Eilif Hansen. (VS),6,Eilif Hansen. (VS),Eilif Hansen
Cand. oecon. Grethe (Inger Margrethe) Philip. (RV),6,NA,NA
Civilingeniør Niels Mølgaard. (DR),6,Niels Mølgaard. (DR),Niels Mølgaard
Direktør Ib Gunnar Stetter. (KF),6,Gunnar Stetter. (KF),Gunnar Stetter
Direktør Palle Julius Skipper Simonsen. (KF),6,Skipper Simonsen. (KF),Skipper Simonsen
Direktør Svend Aage Andersen. (FP),6,Aage Andersen. (FP),Aage Andersen
Fhv. minister Bertha Frederikke Nathalie Lind. (V),6,Nathalie Lind. (V),Nathalie Lind
Fhv. minister Jens Risgaard Knudsen. (S),6,Risgaard Knudsen. (S),Risgaard Knudsen
Fhv. minister Johan Philipsen. (V),6,Johan Philipsen. (V),Johan Philipsen
Fhv. minister Karl Lauritsen Hjortnæs. (S),6,Lauritsen Hjortnæs. (S),Lauritsen Hjortnæs
Fhv. minister Niels Anker Kofoed. (V),6,Anker Kofoed. (V),Anker Kofoed
Fhv. udenrigsminister Knud Børge Andersen. (S),6,Børge Andersen. (S),Børge Andersen
Gårdejer Ernst Bundgaard Schmidt. (FP),6,Bundgaard Schmidt. (FP),Bundgaard Schmidt
Kirkeminister og minister for Grønland Jørgen Peder Hansen. (S),6,Peder Hansen. (S),Peder Hansen
Konsulent John Mogens Arentoft. (FP),6,Mogens Arentoft. (FP),Mogens Arentoft
Kriminalassistent Poul Hjalmar Møller. (KrF),6,Hjalmar Møller. (KrF),Hjalmar Møller
Landmand Hans Buchart Ambjerg Petersen. (S),6,Ambjerg Petersen. (S),Ambjerg Petersen
Lis Starcke. (DR),6,Lis Starcke. (DR),Lis Starcke
Læge Finnur Erlendsson. (FP),6,Finnur Erlendsson. (FP),Finnur Erlendsson
Lærer Helle Degn. (S),6,Helle Degn. (S),Helle Degn
Lærer Inger Elisabeth Stilling Pedersen. (KrF),6,Stilling Pedersen. (KrF),Stilling Pedersen
Lærer Otto Steenholdt. (Valgt af atåssut),6,NA,NA
Lærerstuderende Søren Nørgaard Sørensen. (S),6,Nørgaard Sørensen. (S),Nørgaard Sørensen
Niels Helveg Petersen. (RV),6,Helveg Petersen. (RV),Helveg Petersen
Overlærer Ralph Lysholt Hansen. (S),6,Lysholt Hansen. (S),Lysholt Hansen
Programsekretær Jimmy Georg Stahr. (S),6,Georg Stahr. (S),Georg Stahr
Psykotekniker Ib Christensen. (DR),6,Ib Christensen. (DR),Ib Christensen
Redaktør Jens Peter Jensen. (V),6,Peter Jensen. (V),Peter Jensen
Redaktør Jes Christian Schmidt. (CD),6,Christian Schmidt. (CD),Christian Schmidt
Salgschef Knud Erik Nauerby. (FP),6,Erik Nauerby. (FP),Erik Nauerby
Sekretær Kaj Hansen. (DKP),6,Kaj Hansen. (DKP),Kaj Hansen
Sekretær Villy Fuglsang. (DKP),6,Villy Fuglsang. (DKP),Villy Fuglsang
Skoleinspektør Hans Ejlert Erenbjerg. (S),6,Ejlert Erenbjerg. (S),Ejlert Erenbjerg
Statsaut. revisor Joen Pauli Højgaard Ellefsen. (Valgt af sambandspartiet). (V),6,NA,NA
Svend Karlskov Jensen. (V),6,Karlskov Jensen. (V),Karlskov Jensen
Cand. oecon. Anders Fogh Rasmussen. (V),5,Fogh Rasmussen. (V),Fogh Rasmussen
Civilingeniør Lone Dybkjær. (RV),5,Lone Dybkjær. (RV),Lone Dybkjær
Direktør Arne Christiansen. (V),5,Arne Christiansen. (V),Arne Christiansen
"Faglig sekretær, elektriker Carl Thio Tyroll. (VS)",5,Thio Tyroll. (VS),Thio Tyroll
Faglærer Børge Bakholt. (S),5,Børge Bakholt. (S),Børge Bakholt
Fhv. minister Erling Kristian Dinesen. (S),5,Kristian Dinesen. (S),Kristian Dinesen
Fhv. minister Kjeld Støttrup Olesen. (S),5,Støttrup Olesen. (S),Støttrup Olesen
Finansminister Knud Rasmussen Heinesen. (S),5,Rasmussen Heinesen. (S),Rasmussen Heinesen
"Folketingets formand, fhv. minister Karl Hansen Skytte. (RV)",5,Hansen Skytte. (RV),Hansen Skytte
Forbundsformand Hans Jørgen Jensen. (S),5,Jørgen Jensen. (S),Jørgen Jensen
Forstander Jeppe Kristensen. (V),5,Jeppe Kristensen. (V),Jeppe Kristensen
Forsvarsminister Poul Søgaard. (S),5,Poul Søgaard. (S),Poul Søgaard
Gårdejer Aksel Pedersen. (V),5,Aksel Pedersen. (V),Aksel Pedersen
Husholdningslærer Tove Lindbo Larsen. (S),5,Lindbo Larsen. (S),Lindbo Larsen
Konsulent René Robert Brusvang. (CD),5,Robert Brusvang. (CD),Robert Brusvang
Kontorchef Preben Steen Nielsen. (S),5,Steen Nielsen. (S),Steen Nielsen
Landinspektør Bjørn Rømer Westh. (S),5,Rømer Westh. (S),Rømer Westh
Omsorgskonsulent Winnie Russell. (S),5,Winnie Russell. (S),Winnie Russell
Partiformand Knud Wagner Jespersen. (DKP),5,Wagner Jespersen. (DKP),Wagner Jespersen
"Professor, dr. polit. Erling Heymann Olsen. (S)",5,Heymann Olsen. (S),Heymann Olsen
Sekretariatschef Arne Stinus. (RV),5,Arne Stinus. (RV),Arne Stinus
Sekretær Aase Olesen. (RV),5,Aase Olesen. (RV),Aase Olesen
Stud. mag. Mimi Vibeke Jakobsen. (CD),5,Vibeke Jakobsen. (CD),Vibeke Jakobsen
Undervisningsminister Ritt Jytte Bjerregaard. (S),5,Jytte Bjerregaard. (S),Jytte Bjerregaard
"Adjunkt, cand. scient. pol. Lars Peter Gammelgaard. (KF)",4,Peter Gammelgaard. (KF),Peter Gammelgaard
Advokat Poul Holmskov Schlüter. (KF),4,NA,NA
"Advokat, statsrevisor Poul Holmskov Schlüter. (KF)",4,NA,NA
Afdelingsleder Yvonne Herløv Andersen. (CD),4,Herløv Andersen. (CD),Herløv Andersen
Arbejdskonsulent Jørgen Frederiksen. (S),4,Jørgen Frederiksen. (S),Jørgen Frederiksen
Bogholder Alice Hedegaard. (DR),4,Alice Hedegaard. (DR),Alice Hedegaard
Boligminister Erling Heymann Olsen. (S),4,Heymann Olsen. (S),Heymann Olsen
Cand. polit. Henning Christophersen. (V),4,Henning Christophersen. (V),Henning Christophersen
Civilingeniør Tage Dræbye. (RV),4,Tage Dræbye. (RV),Tage Dræbye
Civilingeniør Uffe Thorndahl. (FP),4,Uffe Thorndahl. (FP),Uffe Thorndahl
Direktør Ernst Cark Prehn. (CD),4,Cark Prehn. (CD),Cark Prehn
"Direktør, civiløkonom Ib Gunnar Stetter. (KF)",4,Gunnar Stetter. (KF),Gunnar Stetter
Ekspeditionssekretær Ole Thorbjørn Olsen. (SF),4,Thorbjørn Olsen. (SF),Thorbjørn Olsen
Energiminister Poul Nielson. (S),4,Poul Nielson. (S),Poul Nielson
Faglærer Lissa Merethe Mathiasen. (S),4,Merethe Mathiasen. (S),Merethe Mathiasen
Fhv. minister Anders Ejnar Andersen. (V),4,Ejnar Andersen. (V),Ejnar Andersen
Fhv. minister Arne Christiansen. (V),4,Arne Christiansen. (V),Arne Christiansen
Fhv. minister Ivar Christian Hansen. (V),4,Christian Hansen. (V),Christian Hansen
Fhv. minister Jens Kampmann. (S),4,Jens Kampmann. (S),Jens Kampmann
Fhv. minister Knud Rasmussen Heinesen. (S),4,Rasmussen Heinesen. (S),Rasmussen Heinesen
Fhv. minister Tove Nielsen. (V),4,Tove Nielsen. (V),Tove Nielsen
"Fhv. minister, cand. theol. Dorte Marianne Bennedsen. (S)",4,Marianne Bennedsen. (S),Marianne Bennedsen
Fhv. statsminister Poul Hartling. (V),4,Poul Hartling. (V),Poul Hartling
Fiskeriminister Svend Aage Jakobsen. (S),4,Aage Jakobsen. (S),Aage Jakobsen
Grosserer Hans Christian Hansen. (FP),4,Christian Hansen. (FP),Christian Hansen
Indenrigsminister Egon Carlo Larsen Jensen. (S),4,Larsen Jensen. (S),Larsen Jensen
Karl Johan Mortensen. (S),4,Johan Mortensen. (S),Johan Mortensen
Kommitteret Poul Søgaard. (S),4,Poul Søgaard. (S),Poul Søgaard
Konsulent Karen Marie Dahlerup Andersen. (S),4,Dahlerup Andersen. (S),Dahlerup Andersen
"Konsulent, orlogskaptajn John Mogens Arentoft. (FP)",4,Mogens Arentoft. (FP),Mogens Arentoft
"Kontorchef, cand. jur. Agnete Laustsen. (KF)",4,Agnete Laustsen. (KF),Agnete Laustsen
Landmand Børge Harkjær Møller. (FP),4,Harkjær Møller. (FP),Harkjær Møller
Lektor Kjeld Rahbæk Møller. (SF),4,Rahbæk Møller. (SF),Rahbæk Møller
Lærer Bent Wissing. (FP),4,Bent Wissing. (FP),Bent Wissing
Lærer Lars Emil Johansen. (Valgt af siumut). (SF),4,NA,NA
Lærer Marianne Bentsen-Pedersen. (SF),4,NA,NA
Næstformand Ole Henriksen. (SF),4,Ole Henriksen. (SF),Ole Henriksen
Rangermester Jens Peter Jacobsen Lerke. (S),4,Jacobsen Lerke. (S),Jacobsen Lerke
Rådmand Helge Lennart Larson. (V),4,Lennart Larson. (V),Lennart Larson
Sognepræst Johan Christian Nielsen. (Valgt af socialdemokratiet). (S),4,NA,NA
Udenrigsminister Knud Børge Andersen. (S),4,Børge Andersen. (S),Børge Andersen
Undervisningsleder Marinus Sørensen. (S),4,Marinus Sørensen. (S),Marinus Sørensen
Advokat Mogens Christian Fabricius Tange. (FP),3,Fabricius Tange. (FP),Fabricius Tange
Anna Dorith Skriver. (V),3,Dorith Skriver. (V),Dorith Skriver
Cand. oecon. Bent Knie-Andersen. (V),3,NA,NA
Civilingeniør Ib August Laurits Langsted. (CD),3,Laurits Langsted. (CD),Laurits Langsted
Civilingeniør Knud Enggaard. (V),3,Knud Enggaard. (V),Knud Enggaard
Civilingeniør Ole Kalnæs. (SF),3,Ole Kalnæs. (SF),Ole Kalnæs
"Civilingeniør, H.D., Henning Baunbæk Dyremose. (KF)",3,Baunbæk Dyremose. (KF),Baunbæk Dyremose
Detailhandler Kai Nyborg. (FP),3,Kai Nyborg. (FP),Kai Nyborg
Direktør Birgith Mogensen. (CD),3,Birgith Mogensen. (CD),Birgith Mogensen
Direktør Ole Weirup Bernt Henriksen. (KF),3,Bernt Henriksen. (KF),Bernt Henriksen
"Dyrlæge, dr. med. vetr. Kjeld Wamberg. (FP)",3,Kjeld Wamberg. (FP),Kjeld Wamberg
Ekspeditionssekretær Sigurd Ømann. (SF),3,Sigurd Ømann. (SF),Sigurd Ømann
"Ekspeditionssekretær, cand. jur. Birgitte Oxdam. (V)",3,Birgitte Oxdam. (V),Birgitte Oxdam
Ernæringskonsulent Kirsten Sparre Andersen. (V),3,Sparre Andersen. (V),Sparre Andersen
Fabrikant Carlo Wichmann Madsen. (V),3,Wichmann Madsen. (V),Wichmann Madsen
Fhv. minister Egon Carlo Larsen Jensen. (S),3,Larsen Jensen. (S),Larsen Jensen
Fhv. minister Knud Enggaard. (V),3,Knud Enggaard. (V),Knud Enggaard
Fhv. minister Ove Henry Hansen. (S),3,Henry Hansen. (S),Henry Hansen
Fhv. socialrådgiver Ritta Lourette Ahm. (KrF),3,Lourette Ahm. (KrF),Lourette Ahm
Fhv. statsminister Hilmar Thormod Ingolf Baunsgaard. (RV),3,Ingolf Baunsgaard. (RV),Ingolf Baunsgaard
Forstander Ingolf Knudsen. (CD),3,Ingolf Knudsen. (CD),Ingolf Knudsen
Forstander Jens Kristian Steffensen. (KrF),3,Kristian Steffensen. (KrF),Kristian Steffensen
Forstander Niels Andersen. (KF),3,Niels Andersen. (KF),Niels Andersen
Fuldmægtig Hans Hækkerup. (S),3,Hans Hækkerup. (S),Hans Hækkerup
Fuldmægtig Helmar Sørensen. (S),3,Helmar Sørensen. (S),Helmar Sørensen
"Fuldmægtig, cand. polit. Mogens Niels Juel Camre. (S)",3,Juel Camre. (S),Juel Camre
"Fuldmægtig, cand. scient. pol. Poul Nielson. (S)",3,Poul Nielson. (S),Poul Nielson
Gårdejer Hans Jørgen Holm. (V),3,Jørgen Holm. (V),Jørgen Holm
Gårdejer Ivar Christian Hansen. (V),3,Christian Hansen. (V),Christian Hansen
Gårdejer Knud Øllgaard. (V),3,Knud Øllgaard. (V),Knud Øllgaard
Gårdejer Peder Nicolai Sønderby. (V),3,Nicolai Sønderby. (V),Nicolai Sønderby
Gårdejer Povl Møllerhøj Brøndsted. (V),3,Møllerhøj Brøndsted. (V),Møllerhøj Brøndsted
Gårdejer Søren Jensen. (V),3,Søren Jensen. (V),Søren Jensen
Højskoleforstander Christian Kelm-Hansen. (S),3,NA,NA
Højskolelærer Peter Andersen Holst. (V),3,Andersen Holst. (V),Andersen Holst
Jens Maigaard. (SF),3,Jens Maigaard. (SF),Jens Maigaard
Journalist Janne Grete Normann. (RV),3,Grete Normann. (RV),Grete Normann
Justitsminister og forsvarsminister Orla Møller. (S),3,Orla Møller. (S),Orla Møller
Kai Nyborg. (FP),3,Kai Nyborg. (FP),Kai Nyborg
Konsulent i udenrigsministeriet René Robert Brusvang. (CD),3,Robert Brusvang. (CD),Robert Brusvang
Landbrugsminister og fiskeriminister Poul Christian Dalsager. (S),3,Christian Dalsager. (S),Christian Dalsager
"Landskonsulent, cand. agro. Anders Christian Poulsen. (V)",3,Christian Poulsen. (V),Christian Poulsen
Landsretssagfører Per Olaf Ludvig de Hemmer Gudme. (RV),3,Hemmer Gudme. (RV),Hemmer Gudme
Lektor Eva Rothenborg. (FP),3,Eva Rothenborg. (FP),Eva Rothenborg
"Lektor, cand. polit. Ole Flygaard. (DR)",3,Ole Flygaard. (DR),Ole Flygaard
Lærer Alfred Hansen. (DR),3,Alfred Hansen. (DR),Alfred Hansen
Lærer Jytte Agnete Røge. (FP),3,Agnete Røge. (FP),Agnete Røge
Major Jens Thorsen Jacobsen. (V),3,Thorsen Jacobsen. (V),Thorsen Jacobsen
Miljøkonsulent Magnus Leopold Demsitz. (S),3,Leopold Demsitz. (S),Leopold Demsitz
Minister for offentlige arbejder Jens Risgaard Knudsen. (S),3,Risgaard Knudsen. (S),Risgaard Knudsen
Murerarbejdsmand Alfred Andersen. (SF),3,Alfred Andersen. (SF),Alfred Andersen
Murersvend Poul Georg Mortensen. (S),3,Georg Mortensen. (S),Georg Mortensen
Murersvend Poul Mortensen. (S),3,Poul Mortensen. (S),Poul Mortensen
Oversætter Uwe Jensen. (FP),3,Uwe Jensen. (FP),Uwe Jensen
Politiassistent Knud Lind. (FP),3,Knud Lind. (FP),Knud Lind
Poul Dam. (SF),3,Poul Dam. (SF),Poul Dam
"Professor, dr. phil. Ellen Kristine Hansen Heltberg. (SF)",3,Hansen Heltberg. (SF),Hansen Heltberg
"Redaktør, cand. polit. Peter Brixtofte. (V)",3,Peter Brixtofte. (V),Peter Brixtofte
Rektor Clara Edele Bengta Kruchow. (RV),3,Bengta Kruchow. (RV),Bengta Kruchow
Rektor Erik Brünnich Smith. (S),3,NA,NA
Salgschef Keld Andersen. (KF),3,Keld Andersen. (KF),Keld Andersen
Sekretariatschef Povl Møllerhøj Brøndsted. (V),3,Møllerhøj Brøndsted. (V),Møllerhøj Brøndsted
Sekretær Enrico Møller Andersen. (S),3,Møller Andersen. (S),Møller Andersen
Skolekonsulent Gunner Baunsgaard. (RV),3,Gunner Baunsgaard. (RV),Gunner Baunsgaard
Smed Henning Krebs Philipsen. (SF),3,Krebs Philipsen. (SF),Krebs Philipsen
Socialrådgiver Hanne Beha Reintoft. (DKP),3,Beha Reintoft. (DKP),Beha Reintoft
Sognepræst John Haaber. (V),3,John Haaber. (V),John Haaber
Sognepræst Svend Erik Sørensen. (KrF),3,Erik Sørensen. (KrF),Erik Sørensen
Statsautoriseret ejendomsmægler Hans Bjergegaard. (FP),3,Hans Bjergegaard. (FP),Hans Bjergegaard
Tove Margith Meulengracht Frederiksen. (S),3,Meulengracht Frederiksen. (S),Meulengracht Frederiksen
Tove Neumann Jørgensen. (DKP),3,Neumann Jørgensen. (DKP),Neumann Jørgensen
Typograf Kurt Brauer. (SF),3,Kurt Brauer. (SF),Kurt Brauer
Tømrermester Hans Bach. (FP),3,Hans Bach. (FP),Hans Bach
Undervisningsminister Dorte Marianne Bennedsen. (S),3,Marianne Bennedsen. (S),Marianne Bennedsen
Universitetslektor Ejler Koch. (S),3,Ejler Koch. (S),Ejler Koch
"Vicedirektør, ingeniør Ole Røtzler Møller. (V)",3,Røtzler Møller. (V),Røtzler Møller
Viceskoleinspektør Helge Bundgaard Nielsen. (V),3,Bundgaard Nielsen. (V),Bundgaard Nielsen
Viceskoleinspektør Ole Vig Jensen. (RV),3,Vig Jensen. (RV),Vig Jensen
 Advokat Annelise Gotfredsen. (KF),2,Annelise Gotfredsen. (KF),Annelise Gotfredsen
 Advokat Poul Holmskov Schlüter. (KF),2,NA,NA
 Bibliotekskonsulent Ingerlise Koefoed. (SF),2,Ingerlise Koefoed. (SF),Ingerlise Koefoed
 Cand. mag. Preben Wilhjelm. (VS),2,Preben Wilhjelm. (VS),Preben Wilhjelm
 Chauffør Mogens Voigt. (FP),2,Mogens Voigt. (FP),Mogens Voigt
 Civilingeniør Lone Dybkjær. (RV),2,Lone Dybkjær. (RV),Lone Dybkjær
 Civilingeniør Uffe Thorndahl. (FP),2,Uffe Thorndahl. (FP),Uffe Thorndahl
 Direktør Palle Julius Skipper Simonsen. (KF),2,Skipper Simonsen. (KF),Skipper Simonsen
 Fabrikant Ole Bøg Maisted. (FP),2,Bøg Maisted. (FP),Bøg Maisted
 Faglærer Børge Bakholt. (S),2,Børge Bakholt. (S),Børge Bakholt
 Fhv. minister Egon Carlo Larsen Jensen. (S),2,Larsen Jensen. (S),Larsen Jensen
 Fhv. minister Erik Ninn-Hansen. (KF),2,NA,NA
 Fhv. udenrigsminister Henning Christophersen. (V),2,Henning Christophersen. (V),Henning Christophersen
 Forbundsformand Hans Jørgen Jensen. (S),2,Jørgen Jensen. (S),Jørgen Jensen
 Forsvarsminister Poul Søgaard. (S),2,Poul Søgaard. (S),Poul Søgaard
 Gerda Edith Møller. (KF),2,Edith Møller. (KF),Edith Møller
 Godsejer Steen Nymann. (FP),2,Steen Nymann. (FP),Steen Nymann
 Grete (Karen Margrethe) Hækkerup. (S),2,NA,NA
 Gårdejer Ivar Christian Hansen. (V),2,Christian Hansen. (V),Christian Hansen
 Industriminister Erling Johannes Jensen. (S),2,Johannes Jensen. (S),Johannes Jensen
 Journalist Birte Weiss. (S),2,Birte Weiss. (S),Birte Weiss
 Konsulent René Robert Brusvang. (CD),2,Robert Brusvang. (CD),Robert Brusvang
 Lærer Helle Degn. (S),2,Helle Degn. (S),Helle Degn
 Lærer Karen Højte Jensen. (KF),2,Højte Jensen. (KF),Højte Jensen
 Lærerstuderende Søren Nørgaard Sørensen. (S),2,Nørgaard Sørensen. (S),Nørgaard Sørensen
 Major Erik Andersen. (S),2,Erik Andersen. (S),Erik Andersen
 Major Jens Kristian Hansen. (S),2,Kristian Hansen. (S),Kristian Hansen
 Matthiasen. (S),2,NA,NA
 Niels Helveg Petersen. (RV),2,Helveg Petersen. (RV),Helveg Petersen
 Overlærer Flemming Jørgen Jensen. (KF),2,Jørgen Jensen. (KF),Jørgen Jensen
 Programsekretær Jimmy Georg Stahr. (S),2,Georg Stahr. (S),Georg Stahr
 Præst Margrete Gunnarsdatter Auken. (SF),2,Gunnarsdatter Auken. (SF),Gunnarsdatter Auken
 Rangermester Jens Peter Lerke. (S),2,Peter Lerke. (S),Peter Lerke
 Redaktør Jens Peter Jensen. (V),2,Peter Jensen. (V),Peter Jensen
 Redaktør Knud Alfred Damgaard. (S),2,Alfred Damgaard. (S),Alfred Damgaard
 Redaktør Svend Erik Hovmand. (V),2,Erik Hovmand. (V),Erik Hovmand
 Sekretær Svend Holger Arne Andersen. (S),2,Arne Andersen. (S),Arne Andersen
 Sekretær Aase Olesen. (RV),2,Aase Olesen. (RV),Aase Olesen
 Seminarieadjunkt Bertel Geismar Haarder. (V),2,Geismar Haarder. (V),Geismar Haarder
 Skoleinspektør Hans Ejlert Erenbjerg. (S),2,Ejlert Erenbjerg. (S),Ejlert Erenbjerg
 Socialrådgiver Inge Fischer Møller. (S),2,Fischer Møller. (S),Fischer Møller
 Stud. mag. Anne Grete Holmsgård. (VS),2,Grete Holmsgård. (VS),Grete Holmsgård
 Stud. mag. Mimi Vibeke Stilling Jakobsen. (CD),2,Stilling Jakobsen. (CD),Stilling Jakobsen
 Sølvsmed Søren Preben Hansen. (S),2,Preben Hansen. (S),Preben Hansen
 Undervisningsminister Dorte Marianne Bennedsen. (S),2,Marianne Bennedsen. (S),Marianne Bennedsen
 Viceskoleinspektør Ole Vig Jensen. (RV),2,Vig Jensen. (RV),Vig Jensen
 Økonomiminister Ivar Nørgaard. (S),2,Ivar Nørgaard. (S),Ivar Nørgaard
 Østergaard. (S),2,NA,NA
Adjunkt Eva Bente Møller. (KF),2,Bente Møller. (KF),Bente Møller
"Adjunkt, civilingeniør Jytte Hilden. (S)",2,Jytte Hilden. (S),Jytte Hilden
Afdelingssekretær Ole Thomsen. (S),2,Ole Thomsen. (S),Ole Thomsen
Amtsrådsmedlem Henning Andersen. (KF),2,Henning Andersen. (KF),Henning Andersen
Arbejdsminister Erling Johannes Jensen. (S),2,Johannes Jensen. (S),Johannes Jensen
Arkitekt Svend-Aage Johannes Ingomar Petersen. (RV),2,Ingomar Petersen. (RV),Ingomar Petersen
Bibliotekskonsulent Ingerlise Koefoed. (SF),2,Ingerlise Koefoed. (SF),Ingerlise Koefoed
Bogbinder Kurt Ejlif Hansen. (VS),2,Ejlif Hansen. (VS),Ejlif Hansen
Boligminister og miljøminister Hans Karl Helge Nielsen. (S),2,Helge Nielsen. (S),Helge Nielsen
Cand. jur. Hans Kristian Djørup Biltzing. (V),2,Djørup Biltzing. (V),Djørup Biltzing
Cand. mag. Hanne Alice Engberg. (SF),2,Alice Engberg. (SF),Alice Engberg
Cand. polit. Peter Brixtofte. (V),2,Peter Brixtofte. (V),Peter Brixtofte
"Direktør, cand. polit. Erik Haunstrup Clemmensen. (KF)",2,Haunstrup Clemmensen. (KF),Haunstrup Clemmensen
Elektriker Carl Thio Tyroll. (VS),2,Thio Tyroll. (VS),Thio Tyroll
Elektriker Per Blendstrup. (S),2,Per Blendstrup. (S),Per Blendstrup
Fabrikant Svend Hjortlund Christensen. (DR),2,Hjortlund Christensen. (DR),Hjortlund Christensen
"Fhv. borgmester, cand. polit Erhard Villiam Jakobsen. (CD)",2,Villiam Jakobsen. (CD),Villiam Jakobsen
Fhv. minister Erik Holger Hansen. (V),2,Holger Hansen. (V),Holger Hansen
Fhv. minister Jacob Sørensen. (V),2,Jacob Sørensen. (V),Jacob Sørensen
Fhv. minister Orla Møller. (S),2,Orla Møller. (S),Orla Møller
Fhv. minister Poul Christian Dalsager. (S),2,Christian Dalsager. (S),Christian Dalsager
Fhv. udenrigsminister Henning Christophersen. (V),2,Henning Christophersen. (V),Henning Christophersen
Finansminister Svend Aage Jakobsen. (S),2,Aage Jakobsen. (S),Aage Jakobsen
Fiskeriminister Karl Lauritsen Hjortnæs. (S),2,Lauritsen Hjortnæs. (S),Lauritsen Hjortnæs
Forbundsformand Anders Aage Andersen. (S),2,Aage Andersen. (S),Aage Andersen
Forretningsfører Svend Aage Heiselberg. (V),2,Aage Heiselberg. (V),Aage Heiselberg
"Forretningsfører, ingeniør Ervin Jensen. (S)",2,Ervin Jensen. (S),Ervin Jensen
"Fuldmægtig, cand. jur. Elsebeth Kock-Petersen. (V)",2,NA,NA
Godsejer Steen Nymann. (FP),2,Steen Nymann. (FP),Steen Nymann
Gårdejer Frede Houbak. (V),2,Frede Houbak. (V),Frede Houbak
Handelsminister Arne Christiansen. (V),2,Arne Christiansen. (V),Arne Christiansen
Handelsminister Ivar Nørgaard. (S),2,Ivar Nørgaard. (S),Ivar Nørgaard
Husmoder Jytte Maria Andersen. (S),2,Maria Andersen. (S),Maria Andersen
Industriminister Erling Johannes Jensen. (S),2,Johannes Jensen. (S),Johannes Jensen
Justitsminister Bertha Frederikke Nathalie Lind. (V),2,Nathalie Lind. (V),Nathalie Lind
Kirkeminister og minister for Grønland Tove Lindbo Larsen. (S),2,Lindbo Larsen. (S),Lindbo Larsen
Konsulent Karen Marie (Dahlerup) Andersen. (S),2,NA,NA
Landbrugsminister Poul Christian Dalsager. (S),2,Christian Dalsager. (S),Christian Dalsager
Ledende kurator Birthe Vera Nielsen. (SF),2,Vera Nielsen. (SF),Vera Nielsen
Lektor Christian Arnfast. (CD),2,Christian Arnfast. (CD),Christian Arnfast
Lektor Knud Nielsen. (S),2,Knud Nielsen. (S),Knud Nielsen
Lærer Anne Majken Hessner. (S),2,Majken Hessner. (S),Majken Hessner
Lærer Karen Højte Jensen. (KF),2,Højte Jensen. (KF),Højte Jensen
Lærer Lars Emil Johansen. (SF),2,Emil Johansen. (SF),Emil Johansen
Lærer Preben Lange. (Valgt af siumut),2,NA,NA
Miljøminister Carl Erik Holst. (S),2,Erik Holst. (S),Erik Holst
Miljøminister Ivar Nørgaard. (S),2,Ivar Nørgaard. (S),Ivar Nørgaard
Minister for offentlige arbejder Ivar Christian Hansen. (V),2,Christian Hansen. (V),Christian Hansen
Minister for offentlige arbejder Kjeld Støttrup Olesen. (S),2,Støttrup Olesen. (S),Støttrup Olesen
Minister for skatter og afgifter Jens Kampmann. (S),2,Jens Kampmann. (S),Jens Kampmann
Minister for skatter og afgifter Karl Lauritsen Hjortnæs. (S),2,Lauritsen Hjortnæs. (S),Lauritsen Hjortnæs
Minister for skatter og afgifter Svend Aage Jakobsen. (S),2,Aage Jakobsen. (S),Aage Jakobsen
Minister for udenrigsøkonomi og for nordiske anliggender Ivar Nørgaard. (S),2,Ivar Nørgaard. (S),Ivar Nørgaard
Overlærer Flemming Jørgen Jensen. (KF),2,Jørgen Jensen. (KF),Jørgen Jensen
Overlærer Gertrud Stjernholm Nielsen. (DKP),2,Stjernholm Nielsen. (DKP),Stjernholm Nielsen
Postekspeditør Karl Jakob Nielsen. (S),2,Jakob Nielsen. (S),Jakob Nielsen
"Professor, dr. phil. Knud Morten Lange. (SF)",2,Morten Lange. (SF),Morten Lange
Præst Margrete Gunnarsdatter Auken. (SF),2,Gunnarsdatter Auken. (SF),Gunnarsdatter Auken
"Redaktør, cand. jur. Bjørn Erik Elmquist. (V)",2,Erik Elmquist. (V),Erik Elmquist
Sagsbehandler Winnie Møller. (S),2,Winnie Møller. (S),Winnie Møller
Salgschef Keld Robert Andersen. (KF),2,Robert Andersen. (KF),Robert Andersen
Sekretær Kirsten Andersen. (S),2,Kirsten Andersen. (S),Kirsten Andersen
Seminarierektor Erik Sigsgaard. (VS),2,Erik Sigsgaard. (VS),Erik Sigsgaard
Skibsreder Asger Juul Linding Lindinger. (CD),2,Linding Lindinger. (CD),Linding Lindinger
Skibsreder Asger Juul Linding Lindinger. (EP),2,Linding Lindinger. (EP),Linding Lindinger
Socialminister Erling Johannes Jensen. (S),2,Johannes Jensen. (S),Johannes Jensen
Socialminister Ritt Jytte Bjerregaard. (S),2,Jytte Bjerregaard. (S),Jytte Bjerregaard
Statsrevisor Jens Edvard Foged. (V),2,Edvard Foged. (V),Edvard Foged
Stud. mag. Anne Grete Holmsgård. (VS),2,Grete Holmsgård. (VS),Grete Holmsgård
Svend Gunnarsen Auken. (S),2,Gunnarsen Auken. (S),Gunnarsen Auken
"Tidl. højskoleforstander, cand. polit. Robert Lafarque Pedersen. (S)",2,Lafarque Pedersen. (S),Lafarque Pedersen
Universitetslærer Svend Gunnarsen Auken. (S),2,Gunnarsen Auken. (S),Gunnarsen Auken
Vicedirektør John Herbert Winther. (KF),2,Herbert Winther. (KF),Herbert Winther
Økonomiminister og minister for skatter og afgifter Anders Ejnar Andersen. (V),2,Ejnar Andersen. (V),Ejnar Andersen
" 11. Østre storkreds i Professor, dr. jur. Ole Mogens Espersen. (S)",1,Mogens Espersen. (S),Mogens Espersen
 Adjunkt Søren Jakob Riishøj. (SF),1,Jakob Riishøj. (SF),Jakob Riishøj
" Adjunkt, civilingeniør Jytte Hilden. (S)",1,Jytte Hilden. (S),Jytte Hilden
 Advokat Steffen Kjærulff-Schmidt. (FP),1,NA,NA
 Afdelingsingeniør Carl Erik Holst. (S),1,Erik Holst. (S),Erik Holst
 Afdelingsleder Yvonne Herløv Andersen. (CD),1,Herløv Andersen. (CD),Herløv Andersen
 Amtsrådsmedlem Henning Andersen. (KF),1,Henning Andersen. (KF),Henning Andersen
 Arbejdsmand Svend Aage Jensen Bay. (FP),1,Jensen Bay. (FP),Jensen Bay
 Bankbestyrer Ole Stavad. (S),1,Ole Stavad. (S),Ole Stavad
 Bogholder Tove Elisabeth Szymanski Niemann. (FP),1,Szymanski Niemann. (FP),Szymanski Niemann
 Cand. mag. Hanne Alice Engberg. (SF),1,Alice Engberg. (SF),Alice Engberg
 Cand. oecon. Anders Fogh Rasmussen. (V),1,Fogh Rasmussen. (V),Fogh Rasmussen
 Cand. polit. Mogens Niels Juel Camre. (S),1,Juel Camre. (S),Juel Camre
 Civilingeniør Ole Kalnæs. (SF),1,Ole Kalnæs. (SF),Ole Kalnæs
 Civiløkonom Ib Gunnar Stetter. (KF),1,Gunnar Stetter. (KF),Gunnar Stetter
 Deccaassistent Arne Jensen. (S),1,Arne Jensen. (S),Arne Jensen
 Direktør Birgith Mogensen. (CD),1,Birgith Mogensen. (CD),Birgith Mogensen
 Direktør Finn Knud Jørgensen (KF),1,NA,NA
 Direktør Niels Ahlmann-Ohlsen. (KF),1,NA,NA
 Direktør Poul Emmert Andersen. (CD),1,Emmert Andersen. (CD),Emmert Andersen
 Direktør Svend Aage Heiselberg. (V),1,Aage Heiselberg. (V),Aage Heiselberg
 Direktør Thure Barsøe-Carnfeldt. (FP),1,NA,NA
 Entreprenør Helge Dohrmann. (FP),1,Helge Dohrmann. (FP),Helge Dohrmann
 Faglærer Ninna Pedersen. (FP),1,Ninna Pedersen. (FP),Ninna Pedersen
 Familieplejer Erik Hove Sørensen. (SF),1,Hove Sørensen. (SF),Hove Sørensen
" Fhv. borgmester, cand. polit. Erhard Villiam Jakobsen. (CD)",1,Villiam Jakobsen. (CD),Villiam Jakobsen
 Fhv. minister Bertha Frederikke Nathalie Lind. (V),1,Nathalie Lind. (V),Nathalie Lind
 Fhv. minister Erling Kristian Dinesen. (S),1,Kristian Dinesen. (S),Kristian Dinesen
 Fhv. minister Jens Risgaard Knudsen. (S),1,Risgaard Knudsen. (S),Risgaard Knudsen
 Fhv. minister Niels Anker Kofoed. (V),1,Anker Kofoed. (V),Anker Kofoed
 Fhv. minister Per Christen Hækkerup. (S),1,Christen Hækkerup. (S),Christen Hækkerup
 Fhv. minister Ritt Jytte Bjerregaard. (S),1,Jytte Bjerregaard. (S),Jytte Bjerregaard
 Fhv. minister Svend Aage Jakobsen. (S),1,Aage Jakobsen. (S),Aage Jakobsen
" Fhv. minister, gårdejer Anders Ejnar Andersen. (V)",1,Ejnar Andersen. (V),Ejnar Andersen
 Finansminister Svend Aage Jakobsen. (S),1,Aage Jakobsen. (S),Aage Jakobsen
 Fodermester Kristen Kristensen Poulsgaard. (FP),1,Kristensen Poulsgaard. (FP),Kristensen Poulsgaard
 Forfatter Mette Marie Madsen. (V),1,Marie Madsen. (V),Marie Madsen
 Formand for Radiorådet Birte Weiss. (S),1,Birte Weiss. (S),Birte Weiss
 Forstander Jens Kristian Steffensen. (KrF),1,Kristian Steffensen. (KrF),Kristian Steffensen
 Frede Tandrup Jensen. (FP),1,Tandrup Jensen. (FP),Tandrup Jensen
 Gårdejer Anker Tang Sørensen. (FP),1,Tang Sørensen. (FP),Tang Sørensen
 Gårdejer Ernst Bundgaard Schmidt. (FP),1,Bundgaard Schmidt. (FP),Bundgaard Schmidt
 Gårdejer Hans Jørgen Holm. (V),1,Jørgen Holm. (V),Jørgen Holm
 Gårdejer Johannes Jørgen Dixen Burgdorf. (KF),1,Dixen Burgdorf. (KF),Dixen Burgdorf
 Gårdejer Knud ØUgaard. (V),1,NA,NA
 Gårdejer Peder Nicolai Sønderby. (V),1,Nicolai Sønderby. (V),Nicolai Sønderby
" Gårdejer, cand. polit. Hans Jørgen Holm. (V)",1,Jørgen Holm. (V),Jørgen Holm
 Husmand Hans Larsen-Ledet. (RV),1,NA,NA
 Husnioder Jytte Maria Andersen. (S),1,Maria Andersen. (S),Maria Andersen
 I I I . Vestre storkreds i Statsminister Anker Henrik Jørgensen. (S),1,Henrik Jørgensen. (S),Henrik Jørgensen
 I. Søndre storkreds s Finansminister Knud Rasmussen Heinesen. (S),1,Rasmussen Heinesen. (S),Rasmussen Heinesen
 Indenrigsminister og socialminister Jacob Sørensen. (V),1,Jacob Sørensen. (V),Jacob Sørensen
 Jacob Lindenskov. (Valgt af socialdemokratiet). (S),1,NA,NA
 Journalist Janne Grete Normann. (RV),1,Grete Normann. (RV),Grete Normann
 Journalist Lasse Johan Albert Bayer Budtz. (S),1,Bayer Budtz. (S),Bayer Budtz
 Journalist Lis Møller. (KF),1,Lis Møller. (KF),Lis Møller
 Justitsminister og minister for kulturelle anliggender Bertha Frederikke Nathalie Lind. (V),1,Nathalie Lind. (V),Nathalie Lind
 Kirkeminister Egon Carlo Larsen Jensen. (S),1,Larsen Jensen. (S),Larsen Jensen
 Konsulent John Mogens Arentoft. (FP),1,Mogens Arentoft. (FP),Mogens Arentoft
 Konsulent Karen Marie Dahlerup Andersen. (S),1,Dahlerup Andersen. (S),Dahlerup Andersen
 Kristian Albertsen. (S),1,Kristian Albertsen. (S),Kristian Albertsen
 Laboratoriemester Svend Severin Taanquist. (S),1,Severin Taanquist. (S),Severin Taanquist
 Landbrugsminister Bjørn Rømer Westh. (S),1,Rømer Westh. (S),Rømer Westh
 Landbrugsminister Niels Anker Kofoed. (V),1,Anker Kofoed. (V),Anker Kofoed
 Landmand Hans Buchart Ambjerg Petersen. (S),1,Ambjerg Petersen. (S),Ambjerg Petersen
 Landsretssagfører Mogens Glistrup. (FP),1,Mogens Glistrup. (FP),Mogens Glistrup
 Landsretssagfører Nicolai Hagen Hagensen. (KF),1,Hagen Hagensen. (KF),Hagen Hagensen
 Ledende kurator Birthe Vera Nielsen. (SF),1,Vera Nielsen. (SF),Vera Nielsen
 Lektor Eva Bente Møller. (KF),1,Bente Møller. (KF),Bente Møller
 Lis Starcke. (DR),1,Lis Starcke. (DR),Lis Starcke
 Læge Finn Kledal. (S),1,Finn Kledal. (S),Finn Kledal
 Lærer Alfred Hansen. (DR),1,Alfred Hansen. (DR),Alfred Hansen
 Lærer Lars Emil Johansen. (SF),1,Emil Johansen. (SF),Emil Johansen
 Maskinarbejder Ib Bjørn Poulsen. (SF),1,Bjørn Poulsen. (SF),Bjørn Poulsen
 Maskinarbejder Kaj Poulsen. (S),1,Kaj Poulsen. (S),Kaj Poulsen
 Miljøminister Carl Erik Holst. (S),1,Erik Holst. (S),Erik Holst
 Minister for Grønland Jørgen Peder Hansen. (S),1,Peder Hansen. (S),Peder Hansen
 Minister for skatter og afgifter Mogens Lykketoft. (S),1,Mogens Lykketoft. (S),Mogens Lykketoft
 Mogens Glistrup. (FP),1,Mogens Glistrup. (FP),Mogens Glistrup
 Murerarbejdsmand Alfred Andersen. (SF),1,Alfred Andersen. (SF),Alfred Andersen
 Offsettrykker Mikael Lennart Waldorff. (VS),1,Lennart Waldorff. (VS),Lennart Waldorff
 Overlæge Inge Marie Emilie Krogh. (KrF),1,Emilie Krogh. (KrF),Emilie Krogh
 Overlærer Alfred Hansen. (DR),1,Alfred Hansen. (DR),Alfred Hansen
 Overlærer Arne Christian Bjerregaard. (KrF),1,Christian Bjerregaard. (KrF),Christian Bjerregaard
 Overlærer Børge Halvgaard. (FP),1,Børge Halvgaard. (FP),Børge Halvgaard
 Overlærer Ralph Lysholt Hansen. (S),1,Lysholt Hansen. (S),Lysholt Hansen
 Oversætter Uwe Jensen. (FP),1,Uwe Jensen. (FP),Uwe Jensen
 Politiassistent Knud Lind. (FP),1,Knud Lind. (FP),Knud Lind
 Postekspeditør Karl Jakob Nielsen. (S),1,Jakob Nielsen. (S),Jakob Nielsen
 Prokurist Therkel Christensen. (CD),1,Therkel Christensen. (CD),Therkel Christensen
 Redaktør Niels Kallesøe. (KF),1,Niels Kallesøe. (KF),Niels Kallesøe
" Redaktør, cand. jur. Bjørn Erik Elmquist. (V)",1,Erik Elmquist. (V),Erik Elmquist
" Redaktør, cand. polit. Uffe Ellemann-Jensen. (V)",1,NA,NA
 Rektor Erik Brünnich Smith. (S),1,NA,NA
 Sagsbehandler Winnie Møller. (S),1,Winnie Møller. (S),Winnie Møller
 Salgschef Keld Andersen. (KF),1,Keld Andersen. (KF),Keld Andersen
 Salgschef Keld Robert Andersen. (KF),1,Robert Andersen. (KF),Robert Andersen
 Salgschef Knud Erik Nauerby. (FP),1,Erik Nauerby. (FP),Erik Nauerby
 Sekretariatschef Arne Stinus. (RV),1,Arne Stinus. (RV),Arne Stinus
 Sekretær Enrico Møller Andersen. (S),1,Møller Andersen. (S),Møller Andersen
 Sekretær Holger Kirkholm Nielsen. (SF),1,Kirkholm Nielsen. (SF),Kirkholm Nielsen
 Sekretær Kaj Hansen. (DKP),1,Kaj Hansen. (DKP),Kaj Hansen
 Sekretær Ole Henriksen. (SF),1,Ole Henriksen. (SF),Ole Henriksen
 Socialminister Ritt Jytte Bjerregaard. (S),1,Jytte Bjerregaard. (S),Jytte Bjerregaard
 Socialrådgiver Mette Groes. (S),1,Mette Groes. (S),Mette Groes
 Sognepræst Johan Christian Nielsen. (Valgt af socialdemokratiet). (S),1,NA,NA
 Statsaut. revisor Joen Pauli Højgaard Ellefsen. (Valgt af sambandspartiet). (V),1,NA,NA
 Statsminister Anker Henrik Jørgensen. (S),1,Henrik Jørgensen. (S),Henrik Jørgensen
 Stud. mag. Mimi Vibeke Jakobsen. (CD),1,Vibeke Jakobsen. (CD),Vibeke Jakobsen
 Svend Karlskov Jensen. (V),1,Karlskov Jensen. (V),Karlskov Jensen
 Sygehjælper Grethe Lyngs. (CD),1,Grethe Lyngs. (CD),Grethe Lyngs
 Tove Margith Meulengracht Frederiksen. (S),1,Meulengracht Frederiksen. (S),Meulengracht Frederiksen
 Trafikkontrollør Søren Martinus Jensen. (S),1,Martinus Jensen. (S),Martinus Jensen
 Udenrigsminister Kjeld Støttrup Olesen. (S),1,Støttrup Olesen. (S),Støttrup Olesen
 V. Storstrøms a m t s k r e d s s Grete (Karen Margrethe) Hækkerup. (S),1,NA,NA
" Viceskoleinspektør Niels V,, Andersen. (S)",1,NA,NA
 VII. Fyns amtskreds i Socialminister Ritt Jytte Bjerregaard. (S),1,Jytte Bjerregaard. (S),Jytte Bjerregaard
 XIo R i n g k ø b i n g a m t s k r e t e Cand. polit. Robert Lafarque Pedersen. (S),1,Lafarque Pedersen. (S),Lafarque Pedersen
" Økonomichef, cand. polit. Jørgen Bruun. (CD)",1,Jørgen Bruun. (CD),Jørgen Bruun
 Økonomiminister Per Christian Hækkerup. (S),1,Christian Hækkerup. (S),Christian Hækkerup
. Dyrlæge Henning Kvist Gregersen Grove. (KF),1,Gregersen Grove. (KF),Gregersen Grove
. Gårdejer Povl Møllerhøj Brøndsted. (V),1,Møllerhøj Brøndsted. (V),Møllerhøj Brøndsted
. I홢t Karl Johan Mortensen. (S),1,Johan Mortensen. (S),Johan Mortensen
. tiet). (S),1,NA,NA
.Postekspeditør Karl Jakob Nielsen. (S),1,Jakob Nielsen. (S),Jakob Nielsen
> Adjunkt Eva Bente Møller. (KF),1,Bente Møller. (KF),Bente Møller
1 Faglærer Børge Bakholt. (S),1,Børge Bakholt. (S),Børge Bakholt
Adjunkt Knud Nielsen. (S),1,Knud Nielsen. (S),Knud Nielsen
Advokat Torben Lund. (S),1,Torben Lund. (S),Torben Lund
Arbejds- og boligminister Johan Philipsen. (V),1,Johan Philipsen. (V),Johan Philipsen
Arbejdsmand Svend Aage Jensen Bay. (FP),1,Jensen Bay. (FP),Jensen Bay
Arbejdsmand Svend Aage Jensen Bay. (UP),1,Jensen Bay. (UP),Jensen Bay
Arbejdsminister Erling Kristian Dinesen. (S),1,Kristian Dinesen. (S),Kristian Dinesen
Arkitekt Svend-Aage Johaxmes Ingo mar Petersen. (RV),1,NA,NA
Assistent Grethe Kindberg Jørgensen. (CD),1,Kindberg Jørgensen. (CD),Kindberg Jørgensen
Bankbestyrer Ole Stavad (S),1,NA,NA
Bankbestyrer Ole Stavad. (S),1,Ole Stavad. (S),Ole Stavad
"Bankdirektør, fhv. minister Poul Frode Nyboe Andersen. (V)",1,Nyboe Andersen. (V),Nyboe Andersen
Bankfuldmægtig Poul Christian Dalsager. (S),1,Christian Dalsager. (S),Christian Dalsager
Bogbinder Kurt Eilil Hansen. (VS),1,Eilil Hansen. (VS),Eilil Hansen
Bogbinder Kurt Éjlif Hansen. (VS),1,NA,NA
Bogholder Jytte Maria Andersen. (S),1,Maria Andersen. (S),Maria Andersen
Boligminister Erling Heymann. Olsen. (S),1,NA,NA
"Boligminister, dr. polit. Erling Heymann Olsen. (S)",1,Heymann Olsen. (S),Heymann Olsen
Cand. j ur. Hans Kristian Djørup Biltzing. (V),1,Djørup Biltzing. (V),Djørup Biltzing
Cand. jur. Elsebeth Kock-Petersen. (V),1,NA,NA
Cand. mag. Steen Friman Tinning. (VS),1,Friman Tinning. (VS),Friman Tinning
"Cand. polit., redaktør Erlendur Patursson. (Valgt af det republikanske parti). (UP)",1,NA,NA
Chauffør Mogens Yoigt. (FP),1,Mogens Yoigt. (FP),Mogens Yoigt
Chefredaktør Bent Hansen. (S),1,Bent Hansen. (S),Bent Hansen
Chefredaktør Jens Peter Jensen. (V),1,Peter Jensen. (V),Peter Jensen
Civilingeniør Ib August Laurits Längsted; (CD),1,NA,NA
Civilingeniør Uffe ThorndahI. (FP),1,NA,NA
Civilingeniør Uffe Thorndaht (FP),1,NA,NA
"Civilingeniør, H.D. Henning Baunbæk Dyremose. (KF)",1,Baunbæk Dyremose. (KF),Baunbæk Dyremose
Civiløkonom Bernt Johan Holger Collet. (KF),1,Holger Collet. (KF),Holger Collet
Direktør Erik Haunstrup Clemmensen. (KF),1,Haunstrup Clemmensen. (KF),Haunstrup Clemmensen
Direktør Henning Andersen. (KF),1,Henning Andersen. (KF),Henning Andersen
Ejler Koch. (S),1,Ejler Koch. (S),Ejler Koch
Ekspeditionssekretær Ole Thorbjørn Olsen (SF),1,NA,NA
Erhvervsvejleder Knud Raunkjær Pedersen. (S),1,Raunkjær Pedersen. (S),Raunkjær Pedersen
Fabrikant Svend HjQrtlund Christensen. (DR),1,Qrtlund Christensen. (DR),Qrtlund Christensen
Faglærer Lissa Mathiasen. (S),1,Lissa Mathiasen. (S),Lissa Mathiasen
Fhv. minister Dorte Marianne Bennedsen. (8),1,Marianne Bennedsen. (8),Marianne Bennedsen
Fhv. minister Dorte Marianne Bennedsen. (S),1,Marianne Bennedsen. (S),Marianne Bennedsen
Fhv. minister Erling Johannes Jensen. (S),1,Johannes Jensen. (S),Johannes Jensen
Fhv. minister Eva Wilhelmsson Gredal. (S),1,Wilhelmsson Gredal. (S),Wilhelmsson Gredal
Fhv. minister Eva Wilhelmsson Grédal. (S),1,NA,NA
Fhv. minister Ivar Nørgaard. (S),1,Ivar Nørgaard. (S),Ivar Nørgaard
Fhv. minister Jenß Risgaard Knudsen. (S),1,Risgaard Knudsen. (S),Risgaard Knudsen
Fhv. minister Knud Charles Elvig Østergaard. (KF),1,Elvig Østergaard. (KF),Elvig Østergaard
Fhv. minister Niels Anker Koloed. (V),1,Anker Koloed. (V),Anker Koloed
Fhv. minister Niels Peter Jacob Matthiasen. (S),1,Jacob Matthiasen. (S),Jacob Matthiasen
Fhv. minister Ritt Jytte Bjerregaard. (S),1,Jytte Bjerregaard. (S),Jytte Bjerregaard
Fhv. minister Svend Aage Jakobsen. (S),1,Aage Jakobsen. (S),Aage Jakobsen
"Fhv. minister, statsrevisor Henry Grünbaum. (S)",1,NA,NA
Fhv. statsminister Anker Henrik Jørgensen. (S),1,Henrik Jørgensen. (S),Henrik Jørgensen
Fhv. udenrigsminister Ove Guldberg. (V),1,Ove Guldberg. (V),Ove Guldberg
Fhv. udenrigsminister Ove Guldborg. (V),1,Ove Guldborg. (V),Ove Guldborg
Finansminister Anders Ejnar Andersen. (V),1,Ejnar Andersen. (V),Ejnar Andersen
Fiskeskipper Laurits Petersen Tørnæs. (V),1,Petersen Tørnæs. (V),Petersen Tørnæs
"Forfatter, cand. polit. Hans Jørgen Lembourn. (KF)",1,Jørgen Lembourn. (KF),Jørgen Lembourn
"Forfatter, cand. polit. Hans Jørgen Lembourn. (UP)",1,Jørgen Lembourn. (UP),Jørgen Lembourn
"Forfatter, cand. polit. Hans Jørgen Lemhourn. (KF)",1,Jørgen Lemhourn. (KF),Jørgen Lemhourn
Frimærkehandler Jørgen Junior. (UP),1,Jørgen Junior. (UP),Jørgen Junior
"Fuldmægtig, cand. scient. P91. Poul ,Nielson. (S)",1,NA,NA
Gårdejer Elisabeth Krog. (KF),1,Elisabeth Krog. (KF),Elisabeth Krog
Gårdejer Frede Houb aIr 0 (V),1,NA,NA
Gårdejer Johannes Jørgen DÌxen Burgdorf. (KF),1,NA,NA
Gårdejer Knud Petersen Raunkjær (V),1,NA,NA
Gårdejer Paul Jørgen Lohmann. (S),1,Jørgen Lohmann. (S),Jørgen Lohmann
"Gårdejer, cand. polit. Hans Jørgen Holm. (V)",1,Jørgen Holm. (V),Jørgen Holm
Handelsminister Erling Johannes Jensen. (S),1,Johannes Jensen. (S),Johannes Jensen
Husholdnìngslærer Tove Lindbo Larsen. (S),1,Lindbo Larsen. (S),Lindbo Larsen
Højskoleforstander Christian Kelm-Hailsen. (S),1,NA,NA
"I Landskonsulent, cand. agro. Anders Christian Poulsen. (V)",1,Christian Poulsen. (V),Christian Poulsen
I Overlæge Inge Marie Emilie Krogh. (KrF),1,Emilie Krogh. (KrF),Emilie Krogh
I-Viceskoleinspektør Ole Vig Jensen. (RV),1,Vig Jensen. (RV),Vig Jensen
Indenrigsminister Henning Peter Kruse Rasmussen. (S),1,Kruse Rasmussen. (S),Kruse Rasmussen
"Informationschef, fhv. minister Hans Karl Helge Nielsen. (S)",1,Helge Nielsen. (S),Helge Nielsen
Ingeniør Ervin Jensen. (S),1,Ervin Jensen. (S),Ervin Jensen
J Direktør Ole Weirup Bernt Henriksen. (KF),1,Bernt Henriksen. (KF),Bernt Henriksen
Journalist Lasse Johan Albert Bayer Biidtz. (S),1,Bayer Biidtz. (S),Bayer Biidtz
Justitsminister Erling Johannes Jensen. (S),1,Johannes Jensen. (S),Johannes Jensen
Justitsminister Ole Mogens Espersen. (S),1,Mogens Espersen. (S),Mogens Espersen
"Justitsminister, professor, dr. jur. Ole Mogens Espersen. (S)",1,Mogens Espersen. (S),Mogens Espersen
Kaptajn Bent Olsen. (CD),1,Bent Olsen. (CD),Bent Olsen
Kirkeminister Egon Carlo Larsen Jensen. (S),1,Larsen Jensen. (S),Larsen Jensen
Kirsten Brøsted. (DR),1,Kirsten Brøsted. (DR),Kirsten Brøsted
Konsulent Bent Stubkjær Pedersen. (CD),1,Stubkjær Pedersen. (CD),Stubkjær Pedersen
Konsulent Bo Kristensen. (KF),1,Bo Kristensen. (KF),Bo Kristensen
"Konsulent i udenrigsministeriet, cand. jur. René Robert Brusvang. (CD)",1,Robert Brusvang. (CD),Robert Brusvang
Konsulent Ole Bøg Maisted. (FP),1,Bøg Maisted. (FP),Bøg Maisted
Konsulent Steen Steensgaard Gade. (SF),1,Steensgaard Gade. (SF),Steensgaard Gade
Kontorassistent Inger Birgitte Harms. (SF),1,Birgitte Harms. (SF),Birgitte Harms
Kontorassistent Sonja Alice Dahl Mikkelsen. (S),1,Dahl Mikkelsen. (S),Dahl Mikkelsen
"Kst. ankechef, cand. jur., fhv. minister Karl Lauritsen Hjortnæs. (S)",1,Lauritsen Hjortnæs. (S),Lauritsen Hjortnæs
Landbrugs- og fiskeriminister Niels Anker Kofoed. (V),1,Anker Kofoed. (V),Anker Kofoed
Landbrugs- og fiskeriminister Poul Christian Dalsager. (S),1,Christian Dalsager. (S),Christian Dalsager
Landbrugsminister Bjørn Rømer Westh. (S),1,Rømer Westh. (S),Rømer Westh
Landbrugsminister Niels Anker Kofoed. (V),1,Anker Kofoed. (V),Anker Kofoed
Landìnspektør Bjørn Rømer Westh. (S),1,Rømer Westh. (S),Rømer Westh
Landsstyresmand/forsikringsfuldmægtig Jacob Lindenskov. (Valgt af socialdemokratiet). (S),1,NA,NA
Landsstyresmand/forsikringsfuldmægtig Jåkup Lindenskov. (Valgt af socialdemokratiet). (S),1,NA,NA
Lektor Cristian Arnfast. (CD),1,Cristian Arnfast. (CD),Cristian Arnfast
Lektor Steen Folke. (VS),1,Steen Folke. (VS),Steen Folke
"Lektor, cand. polit. Oie Flygaard. (DR)",1,Oie Flygaard. (DR),Oie Flygaard
Luftkaptajn i SAS Palle Hölge. (FP),1,NA,NA
Luftkaptajn Palle Helge. (FP),1,Palle Helge. (FP),Palle Helge
Luftkaptajn Palle Holge. (FP),1,Palle Holge. (FP),Palle Holge
Læge Finnùr Erlendsson. (FP),1,NA,NA
Lærer Ole Johannes Kjolmor Sem Berglund (UP),1,NA,NA
Lærerstuderende Pelle Voigt. (SF),1,Pelle Voigt. (SF),Pelle Voigt
Matros Tommy Lindberg Dinesen. (SF),1,Lindberg Dinesen. (SF),Lindberg Dinesen
Miljøminister og minister for Grønland Erik Holger Hansen. (V),1,Holger Hansen. (V),Holger Hansen
Minister for Grønland Jørgen Peder Hansen. (S),1,Peder Hansen. (S),Peder Hansen
Minister for kulturelle anliggender Niéls Peter Jacob Matthiasen. (S),1,Jacob Matthiasen. (S),Jacob Matthiasen
Minister for kulturelle anliggender og minister for nordiske anliggender Lise Østergaard. (S),1,Lise Østergaard. (S),Lise Østergaard
Minister for offentlige arbejder Knud Rasmussen Heinesen. (S),1,Rasmussen Heinesen. (S),Rasmussen Heinesen
Minister uden portefølje Lise Østergaard. (S),1,Lise Østergaard. (S),Lise Østergaard
Minister uden portefølje Per Christian Hækkerup. (S),1,Christian Hækkerup. (S),Christian Hækkerup
Organisationssekretær Søren Preben Hansen. (S),1,Preben Hansen. (S),Preben Hansen
Overlærer Alfred Hansen. (DR),1,Alfred Hansen. (DR),Alfred Hansen
Overlærer Alfred Hansen.. (DR),1,NA,NA
Politiassistent Frode Nør Christensen. (CD),1,Nør Christensen. (CD),Nør Christensen
Professor Eggert Petersen. (S),1,Eggert Petersen. (S),Eggert Petersen
"Professor, fhv. minister Poul Frode Nyboe Andersen. (V)",1,Nyboe Andersen. (V),Nyboe Andersen
Psykoteknìker Ib Christensen. (DR),1,Ib Christensen. (DR),Ib Christensen
Pædagog Kirsten Fog Hjort. (SF),1,Fog Hjort. (SF),Fog Hjort
Redaktør Jens Peter Jensen. (Y),1,Peter Jensen. (Y),Peter Jensen
Redaktør Niels Kallesøe. (KF),1,Niels Kallesøe. (KF),Niels Kallesøe
"Redaktør, cand. jur. Bjørn Erik Elrnquist. (V)",1,Erik Elrnquist. (V),Erik Elrnquist
Rejsesekretær Carit Enevoldsen. (S),1,Carit Enevoldsen. (S),Carit Enevoldsen
Sekretær Bente Juncker. (CD),1,Bente Juncker. (CD),Bente Juncker
"Sekretær Kirsten Andersen, (S)",1,NA,NA
"Sekretær, cand. polit. Peter Brixtofte. (V)",1,Peter Brixtofte. (V),Peter Brixtofte
Seminarielærer Asbjørn Agerschou. (SF),1,Asbjørn Agerschou. (SF),Asbjørn Agerschou
Seminarielærer Bertel Geismar Haarder. (V),1,Geismar Haarder. (V),Geismar Haarder
Seminarielærer Ebba Marie Strange. (SF),1,Marie Strange. (SF),Marie Strange
"Seminarielærer, forfatter Bertel Geismar Rårder. (V)",1,Geismar Rårder. (V),Geismar Rårder
Socialminister Eva Wilhelmsson Grcdal. (S),1,Wilhelmsson Grcdal. (S),Wilhelmsson Grcdal
Socialminister Eva Wilhelmsson Gredal. (S),1,Wilhelmsson Gredal. (S),Wilhelmsson Gredal
Socialrådgiver Alice Marie Faber. (SF),1,Marie Faber. (SF),Marie Faber
Socialrådgiver Birthe Hansen. (SF),1,Birthe Hansen. (SF),Birthe Hansen
Sognepræst Johan Christian Nielsen. (Valgt af socialdeinökratiet). (S),1,NA,NA
Sognepræst Johan Christian Nielsen. (Valgt af socialdemoiITatiet). (S),1,NA,NA
Speditør Carl August Hahn. (CD),1,August Hahn. (CD),August Hahn
Statsminister Poul Hartling. (V),1,Poul Hartling. (V),Poul Hartling
Statsrevisor Bernhard Baunsgaard. (RV),1,Bernhard Baunsgaard. (RV),Bernhard Baunsgaard
"Statsrevisor, cand. polit. Henning Christophersen. (V)",1,Henning Christophersen. (V),Henning Christophersen
Stud. mag. Tove Neumann Jørgensen. (DKP),1,Neumann Jørgensen. (DKP),Neumann Jørgensen
Sølvsmed Søren Preben Hansen. (S),1,Preben Hansen. (S),Preben Hansen
Teaterarbejder Litten Hansen (VS),1,NA,NA
Toldkontrollør Jørgen Peder Hansen. (S),1,Peder Hansen. (S),Peder Hansen
Trafikkontrollør Søren Martinus Jensen. (8),1,Martinus Jensen. (8),Martinus Jensen
Trafikkontrollør Søren Martinus Jensen. (S),1,Martinus Jensen. (S),Martinus Jensen
Typograf Karl Møller. (DKP),1,Karl Møller. (DKP),Karl Møller
Udenrigsminister Henning Christophersen. (V),1,Henning Christophersen. (V),Henning Christophersen
Udenrigsminister Ove Guldberg. (V),1,Ove Guldberg. (V),Ove Guldberg
Undervisningsminister Tove Nielsen. (V),1,Tove Nielsen. (V),Tove Nielsen
Ungdomsskoleinspektør Ole Løvig Simonsen. (S),1,Løvig Simonsen. (S),Løvig Simonsen
Viceborgmester Lizzie Bergmann Lichtenberg. (KF),1,Bergmann Lichtenberg. (KF),Bergmann Lichtenberg
Virksomhedsejer Svend Aage Heiselberg. (V),1,Aage Heiselberg. (V),Aage Heiselberg
Vurderingsformand Karl Jakob Nielsen. (S),1,Jakob Nielsen. (S),Jakob Nielsen
Økonomiminister Ivar Nørgaard. (S),1,Ivar Nørgaard. (S),Ivar Nørgaard
Økonomiminister og handelsminister Per Christen Hækkerup. (S),1,Christen Hækkerup. (S),Christen Hækkerup
Økonomiminister og handelsminister Poul Frode Nyboe Andersen. (V),1,Nyboe Andersen. (V),Nyboe Andersen
Økonomiminister og miljøminister Ivar Nørgaard. (S),1,Ivar Nørgaard. (S),Ivar Nørgaard
Økonomiminister Per Christen Hækkerup. (S),1,Christen Hækkerup. (S),Christen Hækkerup
Økonomiminister Per Christian Hækkerup. (S),1,Christian Hækkerup. (S),Christian Hækkerup
